photo_filename,class_name,crop_filename,confidence,x1,y1,x2,y2
image0.jpg,LPN_bottom,crops\LPN_bottom\image0__LPN_bottom__01__0.579.jpg,0.5793,180,1022,386,1072
image0.jpg,LPN_right,crops\LPN_right\image0__LPN_right__01__0.719.jpg,0.7190,493,591,694,633
image1.jpg,LPN_bottom,crops\LPN_bottom\image1__LPN_bottom__01__0.846.jpg,0.8455,54,326,118,342
image1.jpg,LPN_right,crops\LPN_right\image1__LPN_right__01__0.780.jpg,0.7800,155,191,220,205
image2.jpg,LPN_bottom,crops\LPN_bottom\image2__LPN_bottom__01__0.558.jpg,0.5576,27,161,61,169
image2.jpg,LPN_right,crops\LPN_right\image2__LPN_right__01__0.688.jpg,0.6882,76,93,108,101
image3.jpg,LPN_bottom,crops\LPN_bottom\image3__LPN_bottom__01__0.785.jpg,0.7846,40,344,98,360
image3.jpg,LPN_right,crops\LPN_right\image3__LPN_right__01__0.791.jpg,0.7910,134,199,193,215
image4.jpg,LPN_bottom,crops\LPN_bottom\image4__LPN_bottom__01__0.613.jpg,0.6126,62,382,144,404
image4.jpg,LPN_right,crops\LPN_right\image4__LPN_right__01__0.394.jpg,0.3941,198,210,275,227
image5.jpg,LPN_bottom,crops\LPN_bottom\image5__LPN_bottom__01__0.663.jpg,0.6627,38,229,84,240
image5.jpg,LPN_right,crops\LPN_right\image5__LPN_right__01__0.426.jpg,0.4257,106,137,152,147
image6.jpg,LPN_bottom,crops\LPN_bottom\image6__LPN_bottom__01__0.722.jpg,0.7221,54,328,119,343
image6.jpg,LPN_right,crops\LPN_right\image6__LPN_right__01__0.498.jpg,0.4975,158,195,221,210
image7.jpg,LPN_bottom,crops\LPN_bottom\image7__LPN_bottom__01__0.743.jpg,0.7432,34,213,75,224
image7.jpg,LPN_right,crops\LPN_right\image7__LPN_right__01__0.774.jpg,0.7737,101,125,144,134
image8.jpg,LPN_bottom,crops\LPN_bottom\image8__LPN_bottom__01__0.830.jpg,0.8300,13,220,91,239
image8.jpg,LPN_right,crops\LPN_right\image8__LPN_right__01__0.590.jpg,0.5896,145,113,211,126
image9.jpg,LPN_bottom,crops\LPN_bottom\image9__LPN_bottom__01__0.732.jpg,0.7323,69,381,146,398
image9.jpg,LPN_right,crops\LPN_right\image9__LPN_right__01__0.779.jpg,0.7790,191,222,264,238
image10.jpg,LPN_bottom,crops\LPN_bottom\image10__LPN_bottom__01__0.691.jpg,0.6910,36,226,82,236
image10.jpg,LPN_right,crops\LPN_right\image10__LPN_right__01__0.461.jpg,0.4610,107,132,153,143
image11.jpg,LPN_bottom,crops\LPN_bottom\image11__LPN_bottom__01__0.693.jpg,0.6934,322,2019,727,2112
image11.jpg,LPN_right,crops\LPN_right\image11__LPN_right__01__0.661.jpg,0.6606,971,1197,1361,1279
image12.jpg,LPN_bottom,crops\LPN_bottom\image12__LPN_bottom__01__0.752.jpg,0.7516,33,278,85,291
image12.jpg,LPN_right,crops\LPN_right\image12__LPN_right__01__0.657.jpg,0.6566,120,164,171,176
image13.jpg,LPN_bottom,crops\LPN_bottom\image13__LPN_bottom__01__0.654.jpg,0.6536,50,325,117,341
image13.jpg,LPN_right,crops\LPN_right\image13__LPN_right__01__0.740.jpg,0.7397,159,191,223,205
image14.jpg,LPN_bottom,crops\LPN_bottom\image14__LPN_bottom__01__0.731.jpg,0.7307,36,225,82,236
image14.jpg,LPN_right,crops\LPN_right\image14__LPN_right__01__0.697.jpg,0.6965,108,132,152,142
image15.jpg,LPN_bottom,crops\LPN_bottom\image15__LPN_bottom__01__0.730.jpg,0.7301,54,309,124,324
image15.jpg,LPN_right,crops\LPN_right\image15__LPN_right__01__0.758.jpg,0.7579,165,174,230,188
image16.jpg,LPN_bottom,crops\LPN_bottom\image16__LPN_bottom__01__0.718.jpg,0.7179,60,369,132,386
image16.jpg,LPN_right,crops\LPN_right\image16__LPN_right__01__0.685.jpg,0.6854,176,219,250,235
image17.jpg,LPN_bottom,crops\LPN_bottom\image17__LPN_bottom__01__0.675.jpg,0.6746,36,228,80,238
image17.jpg,LPN_right,crops\LPN_right\image17__LPN_right__01__0.665.jpg,0.6653,107,135,152,145
image18.jpg,LPN_bottom,crops\LPN_bottom\image18__LPN_bottom__01__0.504.jpg,0.5039,66,408,142,428
image18.jpg,LPN_right,crops\LPN_right\image18__LPN_right__01__0.538.jpg,0.5377,178,238,241,254
image19.jpg,LPN_bottom,crops\LPN_bottom\image19__LPN_bottom__01__0.761.jpg,0.7614,70,405,156,426
image19.jpg,LPN_right,crops\LPN_right\image19__LPN_right__01__0.679.jpg,0.6788,208,232,292,250
image20.jpg,LPN_bottom,crops\LPN_bottom\image20__LPN_bottom__01__0.653.jpg,0.6530,30,175,66,185
image20.jpg,LPN_right,crops\LPN_right\image20__LPN_right__01__0.646.jpg,0.6455,89,102,126,111
image21.jpg,LPN_bottom,crops\LPN_bottom\image21__LPN_bottom__01__0.752.jpg,0.7524,43,233,113,248
image21.jpg,LPN_right,crops\LPN_right\image21__LPN_right__01__0.709.jpg,0.7092,159,109,225,122
image22.jpg,LPN_bottom,crops\LPN_bottom\image22__LPN_bottom__01__0.704.jpg,0.7039,295,1929,659,2013
image22.jpg,LPN_right,crops\LPN_right\image22__LPN_right__01__0.632.jpg,0.6324,868,1200,1244,1278
image23.jpg,LPN_bottom,crops\LPN_bottom\image23__LPN_bottom__01__0.775.jpg,0.7745,71,405,160,425
image23.jpg,LPN_right,crops\LPN_right\image23__LPN_right__01__0.722.jpg,0.7222,213,226,300,246
image24.jpg,LPN_bottom,crops\LPN_bottom\image24__LPN_bottom__01__0.787.jpg,0.7867,32,203,73,214
image24.jpg,LPN_right,crops\LPN_right\image24__LPN_right__01__0.709.jpg,0.7087,96,117,138,127
image25.jpg,LPN_bottom,crops\LPN_bottom\image25__LPN_bottom__01__0.753.jpg,0.7535,63,404,132,421
image25.jpg,LPN_right,crops\LPN_right\image25__LPN_right__01__0.510.jpg,0.5098,155,244,233,262
image26.jpg,LPN_bottom,crops\LPN_bottom\image26__LPN_bottom__01__0.774.jpg,0.7735,54,348,125,365
image26.jpg,LPN_right,crops\LPN_right\image26__LPN_right__01__0.696.jpg,0.6964,168,206,235,221
image27.jpg,LPN_bottom,crops\LPN_bottom\image27__LPN_bottom__01__0.616.jpg,0.6161,40,283,98,297
image27.jpg,LPN_right,crops\LPN_right\image27__LPN_right__01__0.485.jpg,0.4846,131,166,189,179
image28.jpg,LPN_bottom,crops\LPN_bottom\image28__LPN_bottom__01__0.572.jpg,0.5724,42,279,95,294
image28.jpg,LPN_right,crops\LPN_right\image28__LPN_right__01__0.694.jpg,0.6941,123,166,177,179
image29.jpg,LPN_bottom,crops\LPN_bottom\image29__LPN_bottom__01__0.785.jpg,0.7853,51,322,115,337
image29.jpg,LPN_right,crops\LPN_right\image29__LPN_right__01__0.683.jpg,0.6826,157,188,221,201
image30.jpg,LPN_bottom,crops\LPN_bottom\image30__LPN_bottom__01__0.665.jpg,0.6652,30,198,72,208
image30.jpg,LPN_right,crops\LPN_right\image30__LPN_right__01__0.625.jpg,0.6247,97,118,137,127
image31.jpg,LPN_bottom,crops\LPN_bottom\image31__LPN_bottom__01__0.809.jpg,0.8090,35,240,95,255
image31.jpg,LPN_right,crops\LPN_right\image31__LPN_right__01__0.567.jpg,0.5669,133,131,185,144
image32.jpg,LPN_bottom,crops\LPN_bottom\image32__LPN_bottom__01__0.774.jpg,0.7740,43,287,102,301
image32.jpg,LPN_right,crops\LPN_right\image32__LPN_right__01__0.569.jpg,0.5690,139,169,195,182
image33.jpg,LPN_bottom,crops\LPN_bottom\image33__LPN_bottom__01__0.847.jpg,0.8467,223,1421,498,1485
image33.jpg,LPN_right,crops\LPN_right\image33__LPN_right__01__0.794.jpg,0.7936,675,843,938,902
image34.jpg,LPN_bottom,crops\LPN_bottom\image34__LPN_bottom__01__0.678.jpg,0.6779,33,197,74,207
image34.jpg,LPN_right,crops\LPN_right\image34__LPN_right__01__0.778.jpg,0.7779,97,115,135,124
image35.jpg,LPN_bottom,crops\LPN_bottom\image35__LPN_bottom__01__0.698.jpg,0.6982,43,275,106,292
image35.jpg,LPN_right,crops\LPN_right\image35__LPN_right__01__0.709.jpg,0.7093,142,154,199,166
image36.jpg,LPN_bottom,crops\LPN_bottom\image36__LPN_bottom__01__0.728.jpg,0.7282,54,382,138,404
image36.jpg,LPN_right,crops\LPN_right\image36__LPN_right__01__0.678.jpg,0.6783,188,220,265,237
image37.jpg,LPN_bottom,crops\LPN_bottom\image37__LPN_bottom__01__0.726.jpg,0.7256,43,258,98,271
image37.jpg,LPN_right,crops\LPN_right\image37__LPN_right__01__0.671.jpg,0.6705,129,149,182,161
image38.jpg,LPN_bottom,crops\LPN_bottom\image38__LPN_bottom__01__0.687.jpg,0.6870,41,285,103,299
image38.jpg,LPN_right,crops\LPN_right\image38__LPN_right__01__0.761.jpg,0.7612,139,167,197,180
image39.jpg,LPN_bottom,crops\LPN_bottom\image39__LPN_bottom__01__0.649.jpg,0.6487,64,401,143,420
image40.jpg,LPN_bottom,crops\LPN_bottom\image40__LPN_bottom__01__0.820.jpg,0.8205,57,352,129,369
image40.jpg,LPN_right,crops\LPN_right\image40__LPN_right__01__0.680.jpg,0.6800,172,204,241,221
image41.jpg,LPN_bottom,crops\LPN_bottom\image41__LPN_bottom__01__0.508.jpg,0.5079,51,327,114,344
image41.jpg,LPN_right,crops\LPN_right\image41__LPN_right__01__0.804.jpg,0.8042,153,192,219,207
image42.jpg,LPN_bottom,crops\LPN_bottom\image42__LPN_bottom__01__0.773.jpg,0.7732,50,335,119,351
image42.jpg,LPN_right,crops\LPN_right\image42__LPN_right__01__0.707.jpg,0.7071,164,198,231,213
image43.jpg,LPN_bottom,crops\LPN_bottom\image43__LPN_bottom__01__0.729.jpg,0.7292,57,358,132,376
image44.jpg,LPN_bottom,crops\LPN_bottom\image44__LPN_bottom__01__0.710.jpg,0.7101,252,1503,563,1575
image44.jpg,LPN_right,crops\LPN_right\image44__LPN_right__01__0.686.jpg,0.6860,751,876,1057,939
image45.jpg,LPN_right,crops\LPN_right\image45__LPN_right__01__0.670.jpg,0.6699,194,222,269,238
image46.jpg,LPN_bottom,crops\LPN_bottom\image46__LPN_bottom__01__0.604.jpg,0.6037,264,1534,562,1602
image46.jpg,LPN_right,crops\LPN_right\image46__LPN_right__01__0.679.jpg,0.6791,733,889,1033,950
image47.jpg,LPN_bottom,crops\LPN_bottom\image47__LPN_bottom__01__0.645.jpg,0.6453,332,1872,701,1958
image47.jpg,LPN_right,crops\LPN_right\image47__LPN_right__01__0.731.jpg,0.7306,923,1097,1277,1175
image48.jpg,LPN_bottom,crops\LPN_bottom\image48__LPN_bottom__01__0.626.jpg,0.6257,254,1568,565,1639
image48.jpg,LPN_right,crops\LPN_right\image48__LPN_right__01__0.755.jpg,0.7546,750,922,1058,989
image49.jpg,LPN_bottom,crops\LPN_bottom\image49__LPN_bottom__01__0.764.jpg,0.7636,291,1784,646,1865
image49.jpg,LPN_right,crops\LPN_right\image49__LPN_right__01__0.623.jpg,0.6227,856,1056,1197,1137
image50.jpg,LPN_bottom,crops\LPN_bottom\image50__LPN_bottom__01__0.795.jpg,0.7948,301,1946,676,2038
image50.jpg,LPN_right,crops\LPN_right\image50__LPN_right__01__0.786.jpg,0.7861,911,1142,1290,1227
