lpn,from,to,flight,date,passenger,class,pieces,type
0014 234567,KBP,FRA,PS 205,15 APR,PETRENKO/OLGA,C,1 OF 2,STANDARD
0014 345678,LWO,WAW,LO 782,18 APR,MELNYK/TARAS,Y,2 OF 2,FRAGILE
0014 456789,IEV,CDG,AF 1661,20 APR,BONDARENKO/MARIA,Y,1 OF 3,STANDARD
0014 567890,KBP,AMS,KL 901,22 APR,SHEVCHENKO/DMYTRO,C,1 OF 1,FRAGILE
0014 678901,ODS,IST,TK 412,25 APR,KRAVCHENKO/ANNA,Y,1 OF 2,STANDARD
0014 789012,KBP,VIE,OS 873,28 APR,LYSENKO/ANDRIY,Y,2 OF 3,STANDARD
0014 890123,LWO,MUC,LH 1682,01 MAY,TKACHENKO/YULIA,C,1 OF 1,FRAGILE
0014 901234,KBP,BCN,VY 6210,05 MAY,MOROZ/VIKTOR,Y,3 OF 3,STANDARD
0014 012345,IEV,DXB,FZ 774,10 MAY,KARPENKO/NATALIA,Y,1 OF 2,STANDARD
